seg_index,lat_center,lon_center,lat_inner,lon_inner,lat_outer,lon_outer
0,-8.895747665,116.3033993,-8.895684762,116.3033854,-8.895810568,116.3034131
1,-8.895759276,116.303349,-8.895696649,116.3033339,-8.895821903,116.303364
2,-8.895772519,116.3032958,-8.89571013,116.3032797,-8.895834909,116.3033118
3,-8.895787258,116.3032398,-8.895725068,116.3032231,-8.895849447,116.3032566
4,-8.895803352,116.3031814,-8.895741328,116.303164,-8.895865376,116.3031987
5,-8.895820664,116.3031205,-8.895758774,116.3031026,-8.895882554,116.3031384
6,-8.895839054,116.3030575,-8.895777268,116.3030392,-8.895900839,116.3030757
7,-8.895858383,116.3029924,-8.895796676,116.3029739,-8.895920091,116.3030109
8,-8.895878513,116.3029255,-8.895816859,116.3029069,-8.895940168,116.3029442
9,-8.895899306,116.302857,-8.895837681,116.3028383,-8.89596093,116.3028758
10,-8.895920621,116.302787,-8.895859005,116.3027682,-8.895982237,116.3028058
11,-8.895942321,116.3027158,-8.895880694,116.302697,-8.896003948,116.3027345
12,-8.895964267,116.3026434,-8.895902608,116.3026247,-8.896025925,116.302662
13,-8.895986319,116.3025701,-8.895924611,116.3025516,-8.896048027,116.3025886
14,-8.89600834,116.302496,-8.895946565,116.3024778,-8.896070115,116.3025143
15,-8.896031268,116.3024216,-8.895969927,116.3024019,-8.89609261,116.3024412
16,-8.896055561,116.3023466,-8.895994347,116.3023266,-8.896116775,116.3023667
17,-8.896080345,116.3022705,-8.896019064,116.3022507,-8.896141625,116.3022904
18,-8.896104988,116.3021931,-8.896043513,116.3021739,-8.896166463,116.3022123
19,-8.896128548,116.3021149,-8.896066678,116.302097,-8.896190418,116.3021328
20,-8.896150117,116.3020366,-8.896087797,116.3020204,-8.896212438,116.3020529
21,-8.896169068,116.3019589,-8.896106237,116.3019447,-8.896231898,116.3019731
22,-8.896184873,116.3018826,-8.896121563,116.3018707,-8.896248182,116.3018944
23,-8.896197217,116.3018084,-8.896133465,116.3017992,-8.89626097,116.3018176
24,-8.896205612,116.3017371,-8.896141456,116.3017313,-8.896269768,116.3017429
25,-8.896209585,116.3016696,-8.896145192,116.3016679,-8.896273978,116.3016712
26,-8.896208608,116.3016063,-8.896144309,116.3016101,-8.896272907,116.3016024
27,-8.896202048,116.3015478,-8.896138536,116.3015585,-8.896265561,116.3015371
28,-8.896189457,116.3014945,-8.896127929,116.3015135,-8.896250985,116.3014754
29,-8.896170647,116.3014467,-8.896112796,116.3014751,-8.896228499,116.3014184
30,-8.896145871,116.3014046,-8.896093101,116.3014416,-8.896198641,116.3013677
31,-8.896115309,116.3013679,-8.896069495,116.3014132,-8.896161124,116.3013227
32,-8.896078918,116.3013372,-8.896041951,116.30139,-8.896115884,116.3012845
33,-8.896036577,116.3013128,-8.896009169,116.3013711,-8.896063985,116.3012545
34,-8.895988607,116.3012939,-8.895968605,116.3013551,-8.89600861,116.3012326
35,-8.895935556,116.3012797,-8.895922277,116.3013428,-8.895948835,116.3012167
36,-8.895877842,116.3012703,-8.895870057,116.3013342,-8.895885628,116.3012063
37,-8.895816031,116.3012654,-8.895813604,116.3013298,-8.895818458,116.301201
38,-8.89575076,116.3012652,-8.895752605,116.3013295,-8.895748915,116.3012008
39,-8.895682505,116.301269,-8.895687858,116.3013332,-8.895677153,116.3012048
40,-8.895611715,116.3012763,-8.895619542,116.3013403,-8.895603887,116.3012124
41,-8.895539357,116.3012859,-8.895548412,116.3013497,-8.895530302,116.3012221
42,-8.895466241,116.3012968,-8.895476174,116.3013604,-8.895456308,116.3012332
43,-8.895392772,116.3013085,-8.895403182,116.3013721,-8.895382361,116.301245
44,-8.895319195,116.3013204,-8.895329199,116.301384,-8.895309191,116.3012567
45,-8.895245856,116.3013313,-8.895254846,116.3013951,-8.895236867,116.3012675
46,-8.895173165,116.3013397,-8.895178879,116.3014038,-8.895167451,116.3012755
47,-8.895101154,116.3013439,-8.895103062,116.3014083,-8.895099246,116.3012796
48,-8.89503029,116.3013439,-8.895028333,116.3014083,-8.895032247,116.3012796
49,-8.894961565,116.3013398,-8.894955622,116.3014039,-8.894967507,116.3012756
50,-8.894896179,116.3013311,-8.894885011,116.3013945,-8.894907347,116.3012676
51,-8.894835521,116.3013175,-8.894818496,116.3013797,-8.894852546,116.3012554
52,-8.894780376,116.3012997,-8.894757547,116.3013599,-8.894803204,116.3012394
53,-8.894731425,116.3012778,-8.894701569,116.3013349,-8.894761282,116.3012208
54,-8.894689713,116.3012517,-8.894651,116.3013032,-8.894728427,116.3012002
55,-8.894655929,116.3012212,-8.894608443,116.3012648,-8.894703415,116.3011777
56,-8.894630467,116.301187,-8.894574956,116.3012197,-8.894685978,116.3011543
57,-8.894613472,116.3011495,-8.894552267,116.3011696,-8.894674677,116.3011294
58,-8.894605331,116.301109,-8.894541138,116.3011143,-8.894669525,116.3011037
59,-8.894606685,116.3010658,-8.894542889,116.3010569,-8.89467048,116.3010747
60,-8.894617302,116.3010204,-8.894556028,116.3010005,-8.894678577,116.3010403
61,-8.894636631,116.3009737,-8.894579066,116.3009448,-8.894694197,116.3010026
62,-8.894664248,116.3009265,-8.894610703,116.3008907,-8.894717794,116.3009623
63,-8.894699791,116.3008794,-8.894650466,116.300838,-8.894749117,116.3009208
64,-8.894742818,116.3008329,-8.894697545,116.300787,-8.89478809,116.3008787
65,-8.89479269,116.3007878,-8.894751546,116.3007382,-8.894833835,116.3008374
66,-8.894848831,116.3007447,-8.894811507,116.3006922,-8.894886155,116.3007972
67,-8.894910343,116.3007042,-8.894876757,116.3006492,-8.894943928,116.3007591
68,-8.894976395,116.3006668,-8.894946482,116.3006097,-8.895006309,116.3007238
69,-8.895045956,116.3006329,-8.895019481,116.3005742,-8.895072431,116.3006916
70,-8.895118045,116.3006028,-8.895094823,116.3005427,-8.895141267,116.3006628
71,-8.895191877,116.3005767,-8.895172266,116.3005153,-8.895211489,116.3006381
72,-8.895266269,116.3005551,-8.89525,116.3004928,-8.895282539,116.3006174
73,-8.895339894,116.3005377,-8.895326514,116.3004747,-8.895353274,116.3006007
74,-8.895412458,116.3005239,-8.895401861,116.3004604,-8.895423055,116.3005874
75,-8.895484173,116.3005135,-8.89547626,116.3004495,-8.895492087,116.3005774
76,-8.895554757,116.3005062,-8.89554953,116.300442,-8.895559984,116.3005704
77,-8.895624036,116.3005019,-8.895621273,116.3004375,-8.895626799,116.3005662
78,-8.895692515,116.3005005,-8.895692593,116.300436,-8.895692436,116.3005649
79,-8.895760925,116.3005023,-8.895764348,116.300438,-8.895757502,116.3005666
80,-8.895829307,116.3005075,-8.89583555,116.3004434,-8.895823064,116.3005716
81,-8.895897542,116.3005158,-8.895906903,116.3004521,-8.895888182,116.3005795
82,-8.895965508,116.3005275,-8.895978068,116.3004644,-8.895952947,116.3005907
83,-8.896033328,116.3005422,-8.896048003,116.3004795,-8.896018652,116.3006049
84,-8.896101235,116.3005592,-8.896117861,116.300497,-8.896084609,116.3006215
85,-8.896169152,116.300579,-8.896188482,116.3005175,-8.896149822,116.3006404
86,-8.896236893,116.3006018,-8.89625859,116.3005411,-8.896215197,116.3006624
87,-8.896304083,116.3006271,-8.896327786,116.3005672,-8.896280381,116.300687
88,-8.896370824,116.3006546,-8.896396181,116.3005953,-8.896345467,116.3007138
89,-8.89643739,116.3006845,-8.896464917,116.3006263,-8.896409863,116.3007428
90,-8.896503618,116.3007173,-8.896533132,116.30066,-8.896474104,116.3007745
91,-8.896569665,116.3007525,-8.896600827,116.3006962,-8.896538504,116.3008089
92,-8.896635523,116.3007897,-8.896667722,116.300734,-8.896603324,116.3008455
93,-8.896700784,116.3008285,-8.896734333,116.3007735,-8.896667234,116.3008835
94,-8.896765699,116.3008689,-8.896800276,116.3008146,-8.896731123,116.3009233
95,-8.896830647,116.3009109,-8.896865933,116.300857,-8.896795361,116.3009647
96,-8.89689545,116.3009538,-8.896931301,116.3009003,-8.8968596,116.3010073
97,-8.896959948,116.3009975,-8.896996349,116.3009443,-8.896923547,116.3010506
98,-8.897024286,116.3010419,-8.897061077,116.300989,-8.896987496,116.3010948
99,-8.897088538,116.3010869,-8.897125649,116.3010342,-8.897051428,116.3011395
100,-8.897152351,116.301132,-8.897189672,116.3010795,-8.897115029,116.3011846
101,-8.897215176,116.3011769,-8.897252667,116.3011245,-8.897177686,116.3012292
102,-8.897276911,116.3012212,-8.897314563,116.3011689,-8.897239259,116.3012735
103,-8.897337628,116.3012649,-8.897375251,116.3012126,-8.897300006,116.3013172
104,-8.89739771,116.3013076,-8.897434653,116.3012548,-8.897360766,116.3013603
105,-8.897457246,116.3013493,-8.897494229,116.3012965,-8.897420262,116.301402
106,-8.897515778,116.3013905,-8.897553007,116.301338,-8.89747855,116.3014431
107,-8.897573273,116.3014311,-8.897610275,116.3013783,-8.89753627,116.3014838
108,-8.897629943,116.3014707,-8.897666783,116.3014179,-8.897593103,116.3015235
109,-8.897685411,116.3015093,-8.897722148,116.3014564,-8.897648673,116.3015622
110,-8.8977394,116.3015468,-8.897776186,116.3014939,-8.897702613,116.3015997
111,-8.89779196,116.3015835,-8.897828924,116.3015308,-8.897754996,116.3016363
112,-8.897842872,116.3016194,-8.897880131,116.3015668,-8.897805613,116.3016719
113,-8.897891995,116.3016543,-8.897929395,116.3016019,-8.897854596,116.3017068
114,-8.89793929,116.301688,-8.897976561,116.3016354,-8.897902019,116.3017405
115,-8.897984972,116.3017206,-8.898022659,116.3016684,-8.897947285,116.3017729
116,-8.89802903,116.3017525,-8.898066911,116.3017005,-8.897991148,116.3018046
117,-8.898071313,116.3017839,-8.898110181,116.3017325,-8.898032445,116.3018353
118,-8.898112025,116.3018154,-8.898151946,116.3017648,-8.898072104,116.3018659
119,-8.898151586,116.3018474,-8.898192783,116.3017979,-8.898110389,116.301897
120,-8.898190227,116.3018802,-8.89823233,116.3018314,-8.898148124,116.3019289
121,-8.89822805,116.3019137,-8.898271415,116.3018661,-8.898184685,116.3019614
122,-8.898264806,116.3019482,-8.898309502,116.3019018,-8.898220109,116.3019945
123,-8.898300258,116.3019837,-8.898346713,116.301939,-8.898253802,116.3020283
124,-8.898334927,116.3020205,-8.898382266,116.3019768,-8.898287589,116.3020642
125,-8.898368795,116.3020582,-8.89841728,116.3020158,-8.898320309,116.3021006
126,-8.898401528,116.3020967,-8.89845116,116.3020556,-8.898351896,116.3021377
127,-8.898433412,116.3021362,-8.898484009,116.3020963,-8.898382815,116.302176
128,-8.898464616,116.302177,-8.898516369,116.3021387,-8.898412863,116.3022154
129,-8.898495094,116.3022194,-8.898547904,116.3021825,-8.898442285,116.3022563
130,-8.898524321,116.302263,-8.89857852,116.3022282,-8.898470122,116.3022978
131,-8.898551971,116.302308,-8.898607481,116.3022753,-8.898496461,116.3023406
132,-8.898578385,116.3023548,-8.898635077,116.3023243,-8.898521693,116.3023854
133,-8.89860378,116.3024036,-8.898661333,116.3023747,-8.898546227,116.3024325
134,-8.898627901,116.3024539,-8.898686489,116.3024271,-8.898569313,116.3024807
135,-8.898650549,116.3025062,-8.898710155,116.3024818,-8.898590942,116.3025307
136,-8.898671685,116.3025602,-8.898732007,116.3025376,-8.898611362,116.3025828
137,-8.898691091,116.3026151,-8.898752211,116.3025947,-8.898629971,116.3026354
138,-8.898708224,116.3026712,-8.898770275,116.3026539,-8.898646173,116.3026885
139,-8.898722922,116.3027285,-8.898785632,116.3027138,-8.898660212,116.3027432
140,-8.898735772,116.3027872,-8.898798896,116.3027744,-8.898672647,116.3028001
141,-8.898747112,116.3028469,-8.898810543,116.3028357,-8.898683681,116.3028582
142,-8.898757177,116.3029071,-8.8988208,116.302897,-8.898693554,116.3029171
143,-8.898766141,116.3029675,-8.898829946,116.3029586,-8.898702336,116.3029763
144,-8.898774091,116.3030275,-8.898837998,116.3030194,-8.898710183,116.3030356
145,-8.898781449,116.3030872,-8.898845402,116.3030795,-8.898717496,116.3030949
146,-8.898788572,116.3031466,-8.898852532,116.303139,-8.898724611,116.3031543
147,-8.898795807,116.3032056,-8.898859715,116.3031975,-8.898731898,116.3032137
148,-8.898803858,116.3032639,-8.898867556,116.3032543,-8.89874016,116.3032735
149,-8.89881351,116.3033213,-8.898876834,116.3033095,-8.898750187,116.3033331
150,-8.89882551,116.3033775,-8.898888128,116.3033624,-8.898762892,116.3033926
151,-8.898840396,116.303432,-8.898901993,116.3034132,-8.898778799,116.3034508
152,-8.898858243,116.303484,-8.898918398,116.303461,-8.898798087,116.303507
153,-8.898879291,116.3035329,-8.898937318,116.3035049,-8.898821264,116.3035608
154,-8.898903801,116.3035784,-8.898959093,116.3035454,-8.89884851,116.3036115
155,-8.898931894,116.3036205,-8.898983542,116.303582,-8.898880247,116.303659
156,-8.898963607,116.3036589,-8.899011201,116.3036155,-8.898916014,116.3037023
157,-8.89899909,116.3036939,-8.899041868,116.3036458,-8.898956311,116.3037421
158,-8.89903847,116.3037257,-8.899076619,116.3036738,-8.899000321,116.3037776
159,-8.899081472,116.3037544,-8.899114766,116.3036993,-8.899048177,116.3038096
160,-8.899127672,116.3037798,-8.899156308,116.3037221,-8.899099035,116.3038374
161,-8.899177059,116.3038019,-8.899201126,116.3037421,-8.899152993,116.3038616
162,-8.899229579,116.3038211,-8.899249837,116.30376,-8.899209321,116.3038822
163,-8.899284704,116.3038375,-8.899301236,116.3037753,-8.899268172,116.3038998
164,-8.899341909,116.3038513,-8.899355597,116.3037884,-8.899328221,116.3039142
165,-8.899400768,116.303863,-8.899412135,116.3037996,-8.899389401,116.3039264
166,-8.899460862,116.3038726,-8.899469929,116.3038088,-8.899451795,116.3039364
167,-8.899521569,116.3038807,-8.89952953,116.3038168,-8.899513609,116.3039446
168,-8.899582514,116.3038877,-8.899589186,116.3038236,-8.899575842,116.3039517
169,-8.899644028,116.3038935,-8.899649476,116.3038293,-8.89963858,116.3039577
170,-8.899706403,116.3038983,-8.899710791,116.303834,-8.899702015,116.3039625
171,-8.89976924,116.3039023,-8.899773027,116.303838,-8.899765452,116.3039666
172,-8.899832019,116.303906,-8.899835947,116.3038417,-8.89982809,116.3039703
173,-8.899894345,116.3039097,-8.899897918,116.3038453,-8.899890771,116.303974
174,-8.899956213,116.303913,-8.899959504,116.3038486,-8.899952921,116.3039773
175,-8.900017826,116.3039164,-8.900021709,116.3038521,-8.900013943,116.3039807
176,-8.900079385,116.3039205,-8.900084143,116.3038563,-8.900074627,116.3039848
177,-8.90014131,116.3039254,-8.900146576,116.3038612,-8.900136044,116.3039896
178,-8.900203802,116.3039308,-8.900209725,116.3038667,-8.900197879,116.303995
179,-8.900266914,116.3039368,-8.900273136,116.3038727,-8.900260692,116.3040009
180,-8.900331112,116.3039429,-8.900336995,116.3038787,-8.900325229,116.304007
181,-8.900396216,116.3039488,-8.900401994,116.3038846,-8.900390438,116.3040129
182,-8.900461538,116.3039548,-8.900467577,116.3038907,-8.900455499,116.3040189
183,-8.90052688,116.303961,-8.900532979,116.3038968,-8.90052078,116.3040251
184,-8.900592097,116.3039674,-8.900598619,116.3039033,-8.900585576,116.3040315
185,-8.900657248,116.303974,-8.900663778,116.3039099,-8.900650719,116.3040381
186,-8.900722298,116.3039807,-8.900728946,116.3039166,-8.900715649,116.3040448
187,-8.900787079,116.3039874,-8.900793743,116.3039234,-8.900780415,116.3040515
188,-8.900851233,116.3039942,-8.900858087,116.3039302,-8.900844378,116.3040583
189,-8.90091462,116.3040008,-8.900921161,116.3039368,-8.900908079,116.3040649
190,-8.90097746,116.3040071,-8.900983653,116.303943,-8.900971267,116.3040712
191,-8.901039684,116.3040131,-8.901045942,116.303949,-8.901033427,116.3040772
192,-8.90110106,116.3040189,-8.901106909,116.3039548,-8.901095211,116.3040831
193,-8.901161771,116.3040239,-8.901166494,116.3039597,-8.901157047,116.3040882
194,-8.901221823,116.3040279,-8.901225525,116.3039636,-8.90121812,116.3040922
195,-8.90128069,116.3040306,-8.901282908,116.3039662,-8.901278472,116.304095
196,-8.901338156,116.3040316,-8.901338089,116.3039671,-8.901338223,116.304096
197,-8.901394238,116.3040303,-8.901391479,116.303966,-8.901396998,116.3040947
198,-8.901448982,116.3040269,-8.901443581,116.3039627,-8.901454383,116.3040911
199,-8.901502477,116.304021,-8.901493855,116.3039572,-8.901511099,116.3040849
200,-8.901554629,116.3040127,-8.901543018,116.3039494,-8.90156624,116.3040761
201,-8.901604946,116.3040018,-8.901589224,116.3039394,-8.901620668,116.3040643
202,-8.901653492,116.3039881,-8.901634024,116.3039267,-8.901672961,116.3040495
203,-8.901700597,116.3039712,-8.901676759,116.3039114,-8.901724435,116.3040311
204,-8.901746277,116.303951,-8.90171796,116.3038931,-8.901774594,116.3040088
205,-8.901790601,116.3039273,-8.901758256,116.3038716,-8.901822946,116.303983
206,-8.901833697,116.3039004,-8.901797813,116.3038469,-8.901869581,116.3039539
207,-8.901875603,116.3038702,-8.901836348,116.3038192,-8.901914857,116.3039213
208,-8.901916,116.3038368,-8.901873233,116.3037887,-8.901958768,116.303885
209,-8.901954755,116.3038,-8.901908888,116.3037548,-8.902000622,116.3038452
210,-8.90199192,116.3037602,-8.901943699,116.3037175,-8.902040141,116.3038029
211,-8.902027214,116.303718,-8.901976664,116.3036781,-8.902077764,116.303758
212,-8.902060599,116.3036738,-8.902008359,116.3036361,-8.902112839,116.3037115
213,-8.902092261,116.3036276,-8.902038257,116.3035925,-8.902146265,116.3036627
214,-8.902122283,116.3035793,-8.902066914,116.3035464,-8.902177652,116.3036122
215,-8.902150926,116.3035292,-8.902094486,116.3034982,-8.902207366,116.3035603
216,-8.902178165,116.3034777,-8.902120755,116.3034485,-8.902235576,116.303507
217,-8.902203933,116.3034251,-8.902145634,116.3033977,-8.902262232,116.3034525
218,-8.902228484,116.303371,-8.902169504,116.3033451,-8.902287463,116.3033969
219,-8.9022524,116.3033155,-8.902193082,116.3032904,-8.902311717,116.3033407
220,-8.902275991,116.3032586,-8.902216302,116.3032344,-8.90233568,116.3032828
221,-8.902299179,116.3032005,-8.902239225,116.303177,-8.902359134,116.3032241
222,-8.902322215,116.3031415,-8.902262161,116.3031182,-8.902382269,116.3031648
223,-8.902344874,116.3030816,-8.902284437,116.3030593,-8.902405311,116.3031039
224,-8.902366789,116.3030208,-8.902306039,116.3029994,-8.90242754,116.3030423
225,-8.902388387,116.3029593,-8.902327573,116.302938,-8.902449202,116.3029805
226,-8.902410133,116.3028971,-8.902349349,116.3028758,-8.902470918,116.3029184
227,-8.902432312,116.302835,-8.902371764,116.302813,-8.90249286,116.302857
228,-8.902455099,116.3027735,-8.902394854,116.3027507,-8.902515344,116.3027963
229,-8.902478576,116.3027132,-8.902418765,116.3026892,-8.902538387,116.3027371
230,-8.902503018,116.3026545,-8.902443922,116.3026288,-8.902562114,116.3026801
231,-8.902528668,116.3025978,-8.902470414,116.3025703,-8.902586921,116.3026253
232,-8.902555934,116.3025435,-8.902499123,116.3025131,-8.902612745,116.3025739
233,-8.902585326,116.3024919,-8.902530246,116.3024585,-8.902640407,116.3025253
234,-8.902616989,116.3024431,-8.902564082,116.3024064,-8.902669896,116.3024798
235,-8.902650873,116.3023979,-8.902600797,116.3023574,-8.90270095,116.3024384
236,-8.902686871,116.3023567,-8.902640058,116.3023124,-8.902733685,116.3024009
237,-8.902724775,116.3023196,-8.902681617,116.3022718,-8.902767934,116.3023674
238,-8.902764561,116.3022865,-8.902725452,116.3022353,-8.902803669,116.3023377
239,-8.902806436,116.3022574,-8.90277218,116.3022029,-8.902840691,116.302312
240,-8.902850454,116.3022327,-8.902821668,116.3021751,-8.90287924,116.3022903
241,-8.90289668,116.302212,-8.902872944,116.3021522,-8.902920415,116.3022719
242,-8.902945059,116.3021952,-8.902926392,116.3021335,-8.902963726,116.3022568
243,-8.902995442,116.3021818,-8.902981067,116.302119,-8.903009817,116.3022446
244,-8.903047946,116.3021715,-8.903037543,116.302108,-8.903058348,116.3022351
245,-8.903102453,116.3021641,-8.903095426,116.3021001,-8.903109481,116.3022281
246,-8.903158403,116.3021591,-8.903153912,116.3020948,-8.903162895,116.3022234
247,-8.90321562,116.3021557,-8.903212406,116.3020913,-8.903218834,116.30222
248,-8.903274087,116.3021532,-8.903271894,116.3020888,-8.903276281,116.3022176
249,-8.903333475,116.3021515,-8.903332003,116.3020871,-8.903334948,116.3022159
250,-8.903393566,116.3021504,-8.903392614,116.302086,-8.903394518,116.3022148
251,-8.90345374,116.3021497,-8.903453119,116.3020853,-8.903454362,116.3022141
252,-8.903513506,116.302149,-8.90351279,116.3020846,-8.903514222,116.3022135
253,-8.903572901,116.302148,-8.903571274,116.3020836,-8.903574528,116.3022124
254,-8.903632246,116.3021462,-8.903630026,116.3020818,-8.903634466,116.3022106
255,-8.903691667,116.3021439,-8.903688947,116.3020796,-8.903694387,116.3022083
256,-8.903750676,116.3021414,-8.903747841,116.302077,-8.90375351,116.3022057
257,-8.90380895,116.3021387,-8.903805972,116.3020744,-8.903811928,116.3022031
258,-8.903866309,116.302136,-8.903863102,116.3020716,-8.903869516,116.3022003
259,-8.903922792,116.3021332,-8.903919573,116.3020688,-8.903926011,116.3021975
260,-8.903978694,116.3021305,-8.903975671,116.3020661,-8.903981716,116.3021948
261,-8.90403439,116.3021278,-8.90403137,116.3020635,-8.904037409,116.3021922
262,-8.904090038,116.3021251,-8.904086834,116.3020608,-8.904093242,116.3021895
263,-8.904145332,116.3021223,-8.904141929,116.302058,-8.904148736,116.3021866
264,-8.904200357,116.3021194,-8.904197003,116.3020551,-8.904203711,116.3021837
265,-8.904255266,116.3021165,-8.904251849,116.3020522,-8.904258683,116.3021808
266,-8.904310124,116.3021134,-8.904306315,116.3020491,-8.904313934,116.3021777
267,-8.904365138,116.3021099,-8.904360593,116.3020456,-8.904369683,116.3021741
268,-8.904420604,116.3021057,-8.904415551,116.3020415,-8.904425657,116.3021699
269,-8.904476796,116.3021012,-8.904471617,116.302037,-8.904481975,116.3021654
270,-8.904533731,116.3020968,-8.90452885,116.3020326,-8.904538613,116.302161
271,-8.90459148,116.3020928,-8.904587432,116.3020285,-8.904595527,116.3021571
272,-8.904649998,116.3020895,-8.904646899,116.3020252,-8.904653096,116.3021539
273,-8.904709307,116.3020872,-8.904707428,116.3020228,-8.904711187,116.3021516
274,-8.904769167,116.3020865,-8.904769504,116.3020221,-8.904768829,116.3021509
275,-8.904828863,116.3020881,-8.904831904,116.3020237,-8.904825821,116.3021524
276,-8.904887869,116.3020923,-8.904894129,116.3020282,-8.90488161,116.3021565
277,-8.904945654,116.3020998,-8.904955826,116.3020362,-8.904935483,116.3021634
278,-8.905001585,116.3021102,-8.905015082,116.3020472,-8.904988088,116.3021732
279,-8.905055021,116.3021235,-8.905072621,116.3020615,-8.90503742,116.3021854
280,-8.905105194,116.3021402,-8.905128511,116.3020802,-8.905081877,116.3022003
281,-8.905151193,116.302161,-8.905180862,116.3021038,-8.905121524,116.3022181
282,-8.905192521,116.3021855,-8.905228653,116.3021322,-8.905156389,116.3022388
283,-8.905228715,116.3022139,-8.905272153,116.3021664,-8.905185278,116.3022615
284,-8.905259103,116.3022465,-8.905309574,116.3022064,-8.905208631,116.3022865
285,-8.905283373,116.3022829,-8.905339785,116.3022518,-8.905226962,116.302314
286,-8.905301407,116.3023233,-8.905362169,116.3023019,-8.905240644,116.3023447
287,-8.90531325,116.3023674,-8.905376519,116.3023554,-8.905249982,116.3023795
288,-8.905319147,116.3024152,-8.905383443,116.3024113,-8.905254851,116.3024191
289,-8.905319682,116.3024659,-8.905384052,116.3024683,-8.905255313,116.3024635
290,-8.905315179,116.3025189,-8.905379048,116.3025273,-8.905251311,116.3025105
291,-8.90530578,116.3025736,-8.905368797,116.3025869,-8.905242762,116.3025603
292,-8.905291691,116.3026293,-8.905353487,116.3026474,-8.905229894,116.3026111
293,-8.905273262,116.3026856,-8.905333865,116.3027074,-8.905212659,116.3026637
294,-8.905251419,116.3027422,-8.905311003,116.3027667,-8.905191836,116.3027177
295,-8.905226619,116.3027987,-8.905284957,116.302826,-8.905168281,116.3027714
296,-8.905199125,116.3028545,-8.905256346,116.3028841,-8.905141904,116.3028249
297,-8.905169495,116.3029097,-8.90522579,116.302941,-8.905113199,116.3028784
298,-8.905138343,116.3029644,-8.90519397,116.3029969,-8.905082717,116.3029319
299,-8.905106371,116.3030185,-8.90516165,116.3030516,-8.905051092,116.3029854
300,-8.905074071,116.303072,-8.90512908,116.3031055,-8.905019063,116.3030385
301,-8.905041868,116.3031249,-8.90509693,116.3031584,-8.904986806,116.3030915
302,-8.905010116,116.3031775,-8.905065324,116.3032107,-8.904954908,116.3031443
303,-8.904979042,116.3032297,-8.905034506,116.3032624,-8.904923579,116.3031969
304,-8.904948655,116.3032819,-8.905004549,116.3033139,-8.904892762,116.3032499
305,-8.904918723,116.3033344,-8.90497476,116.3033662,-8.904862685,116.3033027
306,-8.904889059,116.3033868,-8.904945135,116.3034185,-8.904832982,116.3033551
307,-8.904859559,116.303439,-8.904915602,116.3034707,-8.904803517,116.3034072
308,-8.904830348,116.3034905,-8.904886383,116.3035223,-8.904774314,116.3034587
309,-8.904801266,116.3035418,-8.904857331,116.3035736,-8.904745202,116.3035101
310,-8.904771916,116.3035936,-8.904827922,116.3036254,-8.904715911,116.3035618
311,-8.904742342,116.3036454,-8.904798222,116.3036775,-8.904686461,116.3036134
312,-8.904712547,116.303697,-8.904768201,116.3037294,-8.904656893,116.3036645
313,-8.904682545,116.3037485,-8.9047382,116.3037809,-8.90462689,116.303716
314,-8.90465278,116.3038002,-8.904708799,116.303832,-8.90459676,116.3037684
315,-8.90462372,116.3038523,-8.904680217,116.3038833,-8.904567222,116.3038214
316,-8.904595436,116.3039047,-8.904652314,116.303935,-8.904538558,116.3038745
317,-8.904567689,116.3039571,-8.904624661,116.3039872,-8.904510717,116.3039271
318,-8.904540447,116.3040092,-8.904597624,116.3040389,-8.904483269,116.3039795
319,-8.904513805,116.3040604,-8.904570911,116.3040902,-8.904456698,116.3040306
320,-8.904487339,116.3041108,-8.904544301,116.3041409,-8.904430378,116.3040808
321,-8.904460925,116.3041608,-8.904517855,116.3041909,-8.904403996,116.3041307
322,-8.904434958,116.3042101,-8.904492007,116.30424,-8.90437791,116.3041802
323,-8.904409415,116.3042591,-8.904466601,116.3042887,-8.904352229,116.3042294
324,-8.904384032,116.304308,-8.904441216,116.3043377,-8.904326847,116.3042784
325,-8.904358404,116.3043571,-8.904415406,116.3043871,-8.904301402,116.3043271
326,-8.904332373,116.3044062,-8.904389223,116.3044365,-8.904275523,116.304376
327,-8.904306202,116.3044555,-8.904363098,116.3044857,-8.904249306,116.3044253
328,-8.904279909,116.3045048,-8.904336701,116.3045352,-8.904223116,116.3044744
329,-8.90425341,116.304554,-8.904310054,116.3045847,-8.904196767,116.3045233
330,-8.904226797,116.3046029,-8.904283276,116.3046338,-8.904170317,116.3045719
331,-8.90420033,116.3046513,-8.904256923,116.3046821,-8.904143737,116.3046206
332,-8.904174027,116.3046996,-8.904230556,116.3047305,-8.904117499,116.3046687
333,-8.904147841,116.3047474,-8.904204307,116.3047784,-8.904091375,116.3047164
334,-8.904121738,116.3047949,-8.904178172,116.304826,-8.904065303,116.3047638
335,-8.904095467,116.304842,-8.904151536,116.3048737,-8.904039397,116.3048103
336,-8.904069098,116.304888,-8.904124811,116.3049204,-8.904013386,116.3048557
337,-8.904043007,116.3049328,-8.904098569,116.3049653,-8.903987445,116.3049002
338,-8.904017312,116.304976,-8.904072522,116.3050092,-8.903962102,116.3049429
339,-8.903991825,116.3050181,-8.90404677,116.3050517,-8.90393688,116.3049844
340,-8.903966487,116.305059,-8.904021055,116.3050932,-8.903911919,116.3050247
341,-8.903941444,116.3050986,-8.903995741,116.3051332,-8.903887147,116.3050639
342,-8.903916751,116.3051369,-8.903970742,116.305172,-8.90386276,116.3051017
343,-8.903892326,116.3051741,-8.903946049,116.3052096,-8.903838603,116.3051386
344,-8.903868227,116.3052104,-8.903921805,116.3052461,-8.90381465,116.3051746
345,-8.903844606,116.3052455,-8.903897925,116.3052816,-8.903791286,116.3052094
346,-8.903821266,116.3052794,-8.903873998,116.3053163,-8.903768535,116.3052424
347,-8.903797911,116.305312,-8.903849925,116.30535,-8.903745897,116.305274
348,-8.903774609,116.3053435,-8.903826165,116.3053821,-8.903723052,116.3053049
349,-8.903751424,116.305374,-8.903802483,116.3054133,-8.903700365,116.3053348
350,-8.90372833,116.3054038,-8.90377911,116.3054435,-8.903677551,116.3053642
351,-8.903705556,116.3054329,-8.903756218,116.3054727,-8.903654893,116.3053932
352,-8.903683112,116.3054614,-8.903733673,116.3055014,-8.903632551,116.3054215
353,-8.903660457,116.3054898,-8.903710574,116.3055303,-8.90361034,116.3054494
354,-8.903637233,116.3055182,-8.903686766,116.3055593,-8.9035877,116.305477
355,-8.903613509,116.3055463,-8.903662388,116.3055882,-8.903564629,116.3055043
356,-8.90358946,116.3055738,-8.903637553,116.3056166,-8.903541367,116.3055309
357,-8.903565156,116.3056008,-8.903612948,116.305644,-8.903517364,116.3055577
358,-8.903540307,116.3056278,-8.903587316,116.3056719,-8.903493297,116.3055838
359,-8.903514898,116.3056544,-8.90356102,116.3056994,-8.903468775,116.3056095
360,-8.903489225,116.3056805,-8.903534894,116.3057259,-8.903443557,116.3056351
361,-8.903463136,116.3057062,-8.903507937,116.3057525,-8.903418335,116.30566
362,-8.903436383,116.3057316,-8.903480218,116.3057788,-8.903392549,116.3056844
363,-8.903409223,116.3057565,-8.903452457,116.3058043,-8.90336599,116.3057088
364,-8.903381954,116.3057811,-8.903424966,116.305829,-8.903338943,116.3057331
365,-8.903354656,116.3058053,-8.903397086,116.3058537,-8.903312226,116.3057568
366,-8.903327387,116.3058287,-8.903368796,116.305878,-8.903285978,116.3057793
367,-8.903300184,116.3058513,-8.903341142,116.305901,-8.903259226,116.3058016
368,-8.903273004,116.3058735,-8.903313503,116.3059236,-8.903232506,116.3058234
369,-8.903245703,116.3058957,-8.90328662,116.3059455,-8.903204785,116.305846
370,-8.903218333,116.3059182,-8.903259276,116.305968,-8.90317739,116.3058685
371,-8.90319106,116.3059408,-8.903232303,116.3059903,-8.903149818,116.3058914
372,-8.903163938,116.3059636,-8.903205574,116.3060128,-8.903122302,116.3059145
373,-8.903136914,116.3059868,-8.903179091,116.3060355,-8.903094738,116.3059381
374,-8.903110171,116.3060104,-8.903153194,116.3060583,-8.903067147,116.3059624
375,-8.90308394,116.3060344,-8.903127975,116.3060814,-8.903039905,116.3059874
376,-8.903058052,116.3060593,-8.903103252,116.3061052,-8.903012853,116.3060134
377,-8.903032463,116.306085,-8.90307865,116.3061299,-8.902986276,116.3060401
378,-8.903007372,116.3061117,-8.903054918,116.3061551,-8.902959827,116.3060682
379,-8.902982945,116.3061393,-8.903031934,116.3061811,-8.902933956,116.3060975
380,-8.902959314,116.306168,-8.903009786,116.3062081,-8.902908842,116.306128
381,-8.902936414,116.3061979,-8.902988096,116.3062363,-8.902884731,116.3061594
382,-8.902914087,116.3062288,-8.902966862,116.3062657,-8.902861312,116.3061919
383,-8.902892285,116.3062608,-8.902945929,116.3062964,-8.902838642,116.3062251
384,-8.902871127,116.3062935,-8.902925639,116.3063278,-8.902816615,116.3062592
385,-8.902850724,116.3063268,-8.902906073,116.3063597,-8.902795376,116.3062938
386,-8.902831044,116.3063608,-8.902887176,116.3063924,-8.902774912,116.3063292
387,-8.902812077,116.3063956,-8.902869027,116.3064257,-8.902755127,116.3063655
388,-8.902793682,116.3064311,-8.902851114,116.3064602,-8.90273625,116.3064019
389,-8.90277592,116.3064671,-8.902834036,116.3064949,-8.902717803,116.3064393
390,-8.902759005,116.3065035,-8.902817687,116.30653,-8.902700322,116.3064769
391,-8.902742991,116.3065399,-8.902802249,116.3065652,-8.902683732,116.3065147
392,-8.902728108,116.3065765,-8.902788187,116.3065998,-8.902668028,116.3065533
393,-8.902714561,116.3066135,-8.902775429,116.3066346,-8.902653694,116.3065924
394,-8.902702323,116.3066507,-8.902763824,116.3066699,-8.902640823,116.3066316
395,-8.902691171,116.3066879,-8.902753063,116.3067058,-8.902629279,116.3066701
396,-8.902681009,116.3067248,-8.902743321,116.3067411,-8.902618698,116.3067085
397,-8.902671866,116.3067617,-8.902734591,116.3067764,-8.902609142,116.3067471
398,-8.902663684,116.3067989,-8.902726763,116.3068119,-8.902600606,116.3067858
399,-8.90265636,116.3068362,-8.902719697,116.306848,-8.902593022,116.3068245
400,-8.902649887,116.3068737,-8.902713487,116.3068839,-8.902586287,116.3068635
401,-8.902644213,116.3069112,-8.902707989,116.3069203,-8.902580436,116.3069022
402,-8.902639284,116.3069488,-8.902703233,116.3069565,-8.902575334,116.306941
403,-8.902635047,116.3069864,-8.902699113,116.3069931,-8.902570982,116.3069797
404,-8.902631399,116.3070242,-8.902695563,116.3070299,-8.902567235,116.3070185
405,-8.902628248,116.3070621,-8.902692469,116.3070671,-8.902564027,116.3070572
406,-8.902625517,116.3071002,-8.902689793,116.3071045,-8.902561241,116.307096
407,-8.902623136,116.3071384,-8.902687438,116.3071422,-8.902558834,116.3071346
408,-8.902620864,116.3071766,-8.902685163,116.3071804,-8.902556565,116.3071727
409,-8.902618467,116.3072148,-8.902682744,116.307219,-8.902554191,116.3072106
410,-8.90261576,116.3072531,-8.902679991,116.3072579,-8.90255153,116.3072482
411,-8.902612488,116.3072915,-8.902676615,116.3072976,-8.90254836,116.3072854
412,-8.902608417,116.3073298,-8.902672387,116.3073373,-8.902544446,116.3073222
413,-8.902603353,116.3073678,-8.902667065,116.3073772,-8.90253964,116.3073583
414,-8.90259705,116.3074054,-8.902660371,116.3074172,-8.902533729,116.3073935
415,-8.902589415,116.3074425,-8.902652265,116.3074566,-8.902526564,116.3074284
416,-8.902580475,116.3074791,-8.902642753,116.3074956,-8.902518197,116.3074627
417,-8.902570088,116.3075151,-8.902631557,116.3075344,-8.90250862,116.3074959
418,-8.902558216,116.3075503,-8.90261878,116.3075723,-8.902497653,116.3075284
419,-8.90254492,116.3075845,-8.902604404,116.3076093,-8.902485436,116.3075598
420,-8.902530292,116.3076176,-8.902588597,116.307645,-8.902471986,116.3075903
421,-8.902514368,116.3076496,-8.902571351,116.3076797,-8.902457385,116.3076196
422,-8.9024971,116.3076806,-8.902552566,116.3077133,-8.902441635,116.3076478
423,-8.902478639,116.3077102,-8.902532472,116.3077456,-8.902424805,116.3076748
424,-8.90245907,116.3077385,-8.902511134,116.3077764,-8.902407007,116.3077005
425,-8.902438538,116.3077656,-8.902489238,116.3078054,-8.902387838,116.3077259
426,-8.902416985,116.307792,-8.902465994,116.3078338,-8.902367976,116.3077502
427,-8.902394289,116.3078175,-8.902441536,116.3078613,-8.902347041,116.3077737
428,-8.902370723,116.3078422,-8.90241661,116.3078874,-8.902324836,116.307797
429,-8.902346433,116.3078662,-8.902391069,116.3079126,-8.902301796,116.3078197
430,-8.902321377,116.3078898,-8.902365166,116.3079371,-8.902277587,116.3078426
431,-8.902295692,116.3079132,-8.902338603,116.3079612,-8.902252781,116.3078652
432,-8.902269548,116.3079361,-8.902311601,116.3079849,-8.902227494,116.3078873
433,-8.902243023,116.3079588,-8.902284595,116.308008,-8.90220145,116.3079096
434,-8.902216087,116.3079813,-8.902257139,116.3080309,-8.902175035,116.3079316
435,-8.90218883,116.3080037,-8.902229656,116.3080535,-8.902148005,116.3079539
436,-8.902161458,116.3080263,-8.90220262,116.3080759,-8.902120296,116.3079768
437,-8.902133924,116.3080493,-8.902175304,116.3080987,-8.902092544,116.3079999
438,-8.902106277,116.3080725,-8.902147841,116.3081218,-8.902064712,116.3080233
439,-8.902078551,116.3080961,-8.902120314,116.3081451,-8.902036789,116.308047
440,-8.902050689,116.30812,-8.902092884,116.3081687,-8.902008495,116.3080713
441,-8.9020227,116.3081444,-8.902065145,116.3081928,-8.901980256,116.3080959
442,-8.901994679,116.3081691,-8.902037508,116.3082173,-8.901951851,116.308121
443,-8.901966711,116.3081942,-8.902009863,116.308242,-8.90192356,116.3081464
444,-8.901938655,116.3082196,-8.901981938,116.3082673,-8.901895372,116.3081719
445,-8.901910593,116.3082454,-8.901954429,116.3082926,-8.901866757,116.3081982
446,-8.901882593,116.3082715,-8.901926668,116.3083185,-8.901838518,116.3082245
447,-8.901854252,116.3082981,-8.901898283,116.3083451,-8.90181022,116.308251
448,-8.901825593,116.3083249,-8.901869706,116.3083719,-8.901781479,116.308278
449,-8.901796816,116.308352,-8.901840873,116.3083989,-8.901752759,116.308305
450,-8.901767944,116.308379,-8.901812004,116.308426,-8.901723885,116.308332
451,-8.901738995,116.3084061,-8.901782866,116.3084532,-8.901695124,116.3083589
452,-8.901710049,116.3084328,-8.901753588,116.3084803,-8.90166651,116.3083853
453,-8.901681358,116.3084592,-8.901724983,116.3085066,-8.901637733,116.3084118
454,-8.901652823,116.3084854,-8.901696373,116.3085328,-8.901609273,116.3084379
455,-8.901624304,116.3085115,-8.901667761,116.3085591,-8.901580847,116.308464
456,-8.901595737,116.3085374,-8.901638803,116.3085853,-8.901552671,116.3084895
457,-8.90156732,116.308563,-8.901610405,116.3086108,-8.901524234,116.3085151
458,-8.901539144,116.3085884,-8.901582366,116.3086361,-8.901495923,116.3085406
459,-8.901510961,116.3086139,-8.901554134,116.3086617,-8.901467789,116.3085661
460,-8.90148276,116.3086393,-8.901525815,116.3086872,-8.901439706,116.3085914
461,-8.901454513,116.3086644,-8.901497117,116.3087127,-8.901411909,116.3086161
462,-8.901425974,116.3086893,-8.901468036,116.3087381,-8.901383912,116.3086405
463,-8.901397341,116.308714,-8.901439368,116.3087628,-8.901355313,116.3086652
464,-8.901368848,116.3087384,-8.901410742,116.3087874,-8.901326954,116.3086895
465,-8.901340474,116.3087626,-8.901382039,116.3088118,-8.901298908,116.3087134
466,-8.901312349,116.3087863,-8.901353785,116.3088356,-8.901270914,116.3087369
467,-8.901284277,116.3088094,-8.901324867,116.3088595,-8.901243687,116.3087594
468,-8.901255932,116.3088318,-8.901295239,116.3088829,-8.901216625,116.3087808
469,-8.901227208,116.3088534,-8.901265206,116.3089054,-8.901189211,116.3088014
470,-8.901198283,116.3088741,-8.901235273,116.3089268,-8.901161294,116.3088214
471,-8.901169316,116.3088939,-8.901204914,116.3089476,-8.901133718,116.3088402
472,-8.901140209,116.3089125,-8.90117398,116.3089673,-8.901106438,116.3088576
473,-8.901110666,116.3089298,-8.901142156,116.308986,-8.901079176,116.3088737
474,-8.901080368,116.308946,-8.901109619,116.3090034,-8.901051118,116.3088887
475,-8.901049281,116.3089611,-8.901076093,116.3090196,-8.90102247,116.3089025
476,-8.901017377,116.3089748,-8.901041471,116.3090345,-8.900993283,116.3089151
477,-8.900984414,116.3089871,-8.901005528,116.309048,-8.900963301,116.3089263
478,-8.90095066,116.3089979,-8.900968689,116.3090598,-8.90093263,116.3089361
479,-8.900916393,116.3090071,-8.900931673,116.3090697,-8.900901113,116.3089445
480,-8.900881525,116.3090148,-8.900893976,116.309078,-8.900869073,116.3089516
481,-8.900846089,116.3090209,-8.90085556,116.3090846,-8.900836617,116.3089572
482,-8.900810038,116.3090254,-8.900816696,116.3090895,-8.90080338,116.3089614
483,-8.900773418,116.3090285,-8.900777631,116.3090928,-8.900769205,116.3089643
484,-8.900736409,116.3090303,-8.900738333,116.3090947,-8.900734486,116.3089659
485,-8.900698943,116.3090309,-8.900699158,116.3090953,-8.900698729,116.3089665
486,-8.900660916,116.3090307,-8.900659915,116.3090951,-8.900661916,116.3089663
487,-8.900622401,116.3090298,-8.900620403,116.3090942,-8.900624398,116.3089654
488,-8.900583358,116.3090284,-8.900580845,116.3090928,-8.900585872,116.308964
489,-8.900543871,116.3090267,-8.900540777,116.309091,-8.900546966,116.3089624
490,-8.900503943,116.3090247,-8.900500777,116.3090891,-8.900507109,116.3089604
491,-8.900463377,116.3090227,-8.900460083,116.309087,-8.900466671,116.3089584
492,-8.900422393,116.3090206,-8.900419118,116.3090849,-8.900425668,116.3089563
493,-8.900381518,116.3090185,-8.900378194,116.3090828,-8.900384843,116.3089542
494,-8.900341001,116.3090165,-8.900337915,116.3090808,-8.900344086,116.3089522
495,-8.900300739,116.3090147,-8.900297917,116.309079,-8.900303561,116.3089503
496,-8.900260514,116.309013,-8.900258067,116.3090774,-8.900262961,116.3089486
497,-8.900220239,116.3090115,-8.900217946,116.3090759,-8.900222532,116.3089472
498,-8.900180132,116.3090101,-8.9001779,116.3090745,-8.900182364,116.3089457
499,-8.90014056,116.3090088,-8.90013842,116.3090732,-8.9001427,116.3089444
500,-8.900101696,116.3090075,-8.900099695,116.3090719,-8.900103697,116.3089431
501,-8.900063388,116.3090064,-8.900061679,116.3090708,-8.900065097,116.308942
502,-8.900025438,116.3090054,-8.900023854,116.3090698,-8.900027023,116.3089411
503,-8.8999879,116.3090046,-8.899986458,116.309069,-8.899989341,116.3089402
504,-8.899950803,116.3090037,-8.899949347,116.3090681,-8.899952258,116.3089393
505,-8.899914017,116.3090029,-8.899912408,116.3090672,-8.899915625,116.3089385
506,-8.899877553,116.3090019,-8.89987587,116.3090663,-8.899879237,116.3089375
507,-8.899841408,116.3090009,-8.899839583,116.3090653,-8.899843233,116.3089365
508,-8.899805665,116.3089999,-8.899803914,116.3090643,-8.899807415,116.3089356
509,-8.899770325,116.308999,-8.899768554,116.3090634,-8.899772096,116.3089346
510,-8.899735287,116.308998,-8.899733427,116.3090624,-8.899737148,116.3089336
511,-8.89970064,116.3089969,-8.899698591,116.3090613,-8.899702688,116.3089326
512,-8.899666287,116.3089959,-8.899664287,116.3090602,-8.899668287,116.3089315
513,-8.899632095,116.3089949,-8.899630495,116.3090593,-8.899633695,116.3089305
514,-8.899598065,116.3089942,-8.899597188,116.3090587,-8.899598941,116.3089298
515,-8.899563663,116.3089939,-8.899563273,116.3090583,-8.899564053,116.3089295
516,-8.899528534,116.3089939,-8.899528717,116.3090583,-8.899528351,116.3089294
517,-8.899492768,116.308994,-8.899492983,116.3090584,-8.899492553,116.3089296
518,-8.899455985,116.3089939,-8.899455518,116.3090583,-8.899456452,116.3089295
519,-8.899418151,116.3089934,-8.899416788,116.3090578,-8.899419515,116.308929
520,-8.899379653,116.3089923,-8.899377516,116.3090567,-8.899381791,116.3089279
521,-8.899340707,116.3089906,-8.899337177,116.3090549,-8.899344238,116.3089263
522,-8.899301617,116.3089879,-8.899296401,116.3090521,-8.899306834,116.3089237
523,-8.899262577,116.308984,-8.899254931,116.309048,-8.899270222,116.30892
524,-8.899223702,116.3089783,-8.899212553,116.3090417,-8.899234852,116.3089148
525,-8.899184882,116.3089703,-8.899170151,116.309033,-8.899199613,116.3089076
526,-8.899145897,116.3089601,-8.899128083,116.309022,-8.899163711,116.3088982
527,-8.899107008,116.3089475,-8.899085173,116.3090081,-8.899128844,116.3088869
528,-8.899068265,116.3089322,-8.899042763,116.3089913,-8.899093766,116.308873
529,-8.899029603,116.308914,-8.899000354,116.3089714,-8.899058851,116.3088566
530,-8.898991068,116.3088929,-8.89895847,116.3089484,-8.899023666,116.3088373
531,-8.898952804,116.3088689,-8.898917157,116.3089226,-8.89898845,116.3088153
532,-8.898915007,116.3088422,-8.898876368,116.3088938,-8.898953646,116.3087907
533,-8.898877616,116.3088128,-8.898836614,116.3088625,-8.898918618,116.3087631
534,-8.898840382,116.3087807,-8.898797387,116.3088287,-8.898883377,116.3087328
535,-8.898803285,116.3087461,-8.898758414,116.3087923,-8.898848155,116.3086999
536,-8.898766617,116.3087091,-8.898719976,116.3087535,-8.898813258,116.3086646
537,-8.898730406,116.3086698,-8.89868234,116.3087127,-8.898778471,116.3086269
538,-8.89869453,116.3086284,-8.898645327,116.30867,-8.898743733,116.3085869
539,-8.898659152,116.3085855,-8.898608924,116.3086258,-8.898709379,116.3085452
540,-8.898624576,116.3085414,-8.898573479,116.3085807,-8.898675672,116.3085022
541,-8.898590879,116.3084969,-8.89853923,116.3085354,-8.898642529,116.3084584
542,-8.898557793,116.3084521,-8.898505821,116.3084902,-8.898609765,116.3084141
543,-8.89852442,116.3084073,-8.898473103,116.3084463,-8.898575737,116.3083684
544,-8.898490394,116.3083629,-8.898439433,116.3084023,-8.898541355,116.3083235
545,-8.898455626,116.3083188,-8.898405428,116.3083592,-8.898505825,116.3082785
546,-8.89841989,116.3082751,-8.898370342,116.3083163,-8.898469438,116.3082339
547,-8.898383469,116.3082318,-8.898334414,116.3082735,-8.898432524,116.30819
548,-8.898346541,116.308189,-8.898298069,116.3082314,-8.898395013,116.3081466
549,-8.89830965,116.3081473,-8.898261624,116.3081902,-8.898357676,116.3081043
550,-8.89827281,116.3081068,-8.898225602,116.3081507,-8.898320018,116.308063
551,-8.898235857,116.3080673,-8.898188991,116.3081115,-8.898282722,116.3080231
552,-8.898199072,116.3080286,-8.898152484,116.308073,-8.898245659,116.3079841
553,-8.898162544,116.3079902,-8.898115883,116.3080347,-8.898209205,116.3079458
554,-8.898126287,116.3079522,-8.898079716,116.3079967,-8.898172857,116.3079077
555,-8.898089825,116.3079149,-8.89804428,116.3079605,-8.898135369,116.3078694
556,-8.898052681,116.3078786,-8.898008155,116.3079251,-8.898097207,116.307832
557,-8.898014821,116.307843,-8.897971101,116.3078903,-8.898058542,116.3077957
558,-8.897976258,116.3078086,-8.897934242,116.3078574,-8.898018273,116.3077598
559,-8.897937181,116.3077761,-8.897896861,116.3078263,-8.897977501,116.3077259
560,-8.897897573,116.3077459,-8.897859761,116.307798,-8.897935385,116.3076937
561,-8.897857478,116.3077184,-8.897822523,116.3077725,-8.897892433,116.3076643
562,-8.897816993,116.3076938,-8.897785088,116.3077497,-8.897848897,116.3076378
563,-8.897776169,116.307672,-8.897747523,116.3077297,-8.897804814,116.3076143
564,-8.89773539,116.307653,-8.897709785,116.3077122,-8.897760995,116.3075939
565,-8.89769469,116.3076369,-8.897672941,116.3076976,-8.89771644,116.3075763
566,-8.897653745,116.3076238,-8.897636306,116.3076858,-8.897671183,116.3075618
567,-8.89761225,116.3076138,-8.897599525,116.307677,-8.897624974,116.3075507
568,-8.897570344,116.3076068,-8.897561697,116.3076706,-8.897578991,116.3075429
569,-8.897528374,116.3076028,-8.897524869,116.3076671,-8.897531878,116.3075385
570,-8.897486538,116.3076022,-8.897488162,116.3076666,-8.897484915,116.3075378
571,-8.897444904,116.3076047,-8.897451152,116.3076688,-8.897438655,116.3075406
572,-8.897403421,116.3076104,-8.897414571,116.3076738,-8.897392272,116.3075469
573,-8.897362183,116.3076195,-8.897378827,116.3076817,-8.89734554,116.3075573
574,-8.897322034,116.3076322,-8.897344082,116.3076927,-8.897299986,116.3075716
575,-8.897283526,116.3076484,-8.897311529,116.3077064,-8.897255523,116.3075904
576,-8.897246888,116.3076686,-8.897280855,116.3077233,-8.897212921,116.3076138
577,-8.897212739,116.3076927,-8.897252923,116.307743,-8.897172554,116.3076423
578,-8.897181531,116.3077209,-8.897227554,116.3077659,-8.897135508,116.3076758
579,-8.897153494,116.3077531,-8.897204398,116.3077925,-8.897102589,116.3077136
580,-8.897128135,116.307789,-8.897182328,116.3078238,-8.897073943,116.3077542
581,-8.897105556,116.3078284,-8.897162974,116.3078576,-8.897048138,116.3077992
582,-8.897086017,116.307871,-8.897145554,116.3078956,-8.897026479,116.3078464
583,-8.897068921,116.3079162,-8.897129815,116.3079372,-8.897008027,116.3078952
584,-8.89705357,116.3079636,-8.897115197,116.3079823,-8.896991943,116.3079448
585,-8.897039094,116.3080127,-8.897101029,116.3080304,-8.89697716,116.307995
586,-8.897024911,116.3080628,-8.897086938,116.3080802,-8.896962884,116.3080454
587,-8.897010641,116.3081134,-8.897072613,116.308131,-8.896948669,116.3080959
588,-8.896995836,116.3081644,-8.897057584,116.3081828,-8.896934088,116.3081461
589,-8.896979958,116.308215,-8.897041112,116.3082353,-8.896918804,116.3081948
590,-8.896962456,116.3082642,-8.897022642,116.3082872,-8.896902271,116.3082413
591,-8.896943046,116.3083115,-8.89700197,116.3083375,-8.896884122,116.3082855
592,-8.896921249,116.3083561,-8.896977937,116.3083867,-8.896864561,116.3083255
593,-8.896896591,116.3083973,-8.896950327,116.3084328,-8.896842855,116.3083618
594,-8.896868622,116.3084348,-8.8969179,116.3084763,-8.896819344,116.3083933
595,-8.896836438,116.3084682,-8.896879769,116.3085159,-8.896793106,116.3084205
596,-8.896799733,116.3084974,-8.896836529,116.3085503,-8.896762938,116.3084446
597,-8.896758431,116.3085222,-8.896787892,116.3085795,-8.89672897,116.3084649
598,-8.896712487,116.3085423,-8.896734623,116.3086028,-8.896690351,116.3084818
599,-8.896662368,116.3085581,-8.896679107,116.3086203,-8.896645629,116.3084959
600,-8.89660877,116.3085702,-8.896620412,116.3086335,-8.896597128,116.3085068
601,-8.896552368,116.3085784,-8.896559445,116.3086424,-8.896545292,116.3085144
602,-8.896493363,116.3085835,-8.896497426,116.3086478,-8.8964893,116.3085192
603,-8.896432144,116.3085861,-8.896433588,116.3086505,-8.896430699,116.3085217
604,-8.896369003,116.3085865,-8.896368494,116.308651,-8.896369513,116.3085221
605,-8.896303833,116.3085854,-8.896302095,116.3086498,-8.896305571,116.308521
606,-8.896237571,116.308583,-8.896234599,116.3086473,-8.896240542,116.3085186
607,-8.896171044,116.3085797,-8.896167622,116.308644,-8.896174466,116.3085153
608,-8.896104452,116.3085761,-8.896101035,116.3086404,-8.89610787,116.3085118
609,-8.896038168,116.3085729,-8.896035365,116.3086373,-8.896040971,116.3085086
610,-8.895972063,116.3085704,-8.895970017,116.3086348,-8.895974109,116.308506
611,-8.895906544,116.3085685,-8.895904786,116.3086329,-8.895908302,116.3085041
612,-8.895841824,116.3085671,-8.895840771,116.3086315,-8.895842876,116.3085027
613,-8.895777434,116.3085662,-8.895776716,116.3086306,-8.895778152,116.3085018
614,-8.895713297,116.3085656,-8.895712726,116.30863,-8.895713867,116.3085011
615,-8.89564929,116.3085652,-8.895649184,116.3086296,-8.895649396,116.3085008
616,-8.895585273,116.3085652,-8.895585434,116.3086297,-8.895585113,116.3085008
617,-8.895521394,116.3085654,-8.895521538,116.3086298,-8.895521251,116.308501
618,-8.895457642,116.3085653,-8.895457401,116.3086298,-8.895457883,116.3085009
619,-8.895393816,116.3085648,-8.895393026,116.3086292,-8.895394605,116.3085004
620,-8.895330131,116.3085638,-8.895328823,116.3086282,-8.895331439,116.3084994
621,-8.895266785,116.3085623,-8.89526503,116.3086267,-8.895268539,116.3084979
622,-8.895204026,116.3085601,-8.895201293,116.3086245,-8.895206759,116.3084958
623,-8.895142225,116.3085569,-8.895138194,116.3086212,-8.895146257,116.3084926
624,-8.895081239,116.3085523,-8.895075713,116.3086165,-8.895086766,116.3084882
625,-8.89502097,116.3085463,-8.895013574,116.3086102,-8.895028365,116.3084823
626,-8.894962013,116.3085377,-8.894950794,116.3086011,-8.894973232,116.3084742
627,-8.89490486,116.3085258,-8.89488989,116.3085885,-8.89491983,116.3084632
628,-8.894850066,116.3085109,-8.894831067,116.3085724,-8.894869066,116.3084493
629,-8.89479852,116.308493,-8.894775277,116.3085531,-8.894821763,116.3084329
630,-8.894750619,116.3084721,-8.894722321,116.30853,-8.894778916,116.3084142
631,-8.894706395,116.3084479,-8.894672821,116.3085029,-8.894739968,116.3083929
632,-8.894665861,116.3084204,-8.894627046,116.3084718,-8.894704676,116.308369
633,-8.894629336,116.3083895,-8.894585021,116.3084362,-8.894673651,116.3083427
634,-8.894597044,116.3083555,-8.89454811,116.3083974,-8.894645978,116.3083136
635,-8.894569126,116.3083187,-8.894515587,116.3083545,-8.894622664,116.3082829
636,-8.8945462,116.3082792,-8.894488495,116.3083078,-8.894603905,116.3082506
637,-8.894528248,116.3082371,-8.894467672,116.308259,-8.894588824,116.3082152
638,-8.894514997,116.3081926,-8.894452321,116.3082075,-8.894577673,116.3081778
639,-8.894506426,116.308146,-8.894442569,116.3081544,-8.894570283,116.3081375
640,-8.894502105,116.3080969,-8.894437759,116.3080999,-8.894566451,116.3080939
641,-8.894501725,116.3080455,-8.89443734,116.3080436,-8.894566111,116.3080475
642,-8.894504841,116.3079925,-8.894440666,116.3079869,-8.894569016,116.307998
643,-8.894511241,116.3079377,-8.894447505,116.3079284,-8.894574977,116.307947
644,-8.894520775,116.3078815,-8.894457526,116.3078693,-8.894584024,116.3078937
645,-8.894532846,116.3078248,-8.894470101,116.3078102,-8.89459559,116.3078393
646,-8.894546868,116.3077678,-8.89448453,116.3077516,-8.894609205,116.307784
647,-8.894562389,116.3077109,-8.894500436,116.3076932,-8.894624341,116.3077285
648,-8.894578893,116.307654,-8.894517131,116.3076357,-8.894640655,116.3076723
649,-8.894595985,116.3075977,-8.894534472,116.3075786,-8.894657498,116.3076168
650,-8.894613586,116.3075419,-8.894552232,116.3075222,-8.894674941,116.3075615
651,-8.894631459,116.3074865,-8.894570206,116.3074665,-8.894692711,116.3075064
652,-8.894649345,116.3074316,-8.894588123,116.3074116,-8.894710567,116.3074517
653,-8.894666694,116.3073771,-8.894605145,116.3073581,-8.894728242,116.3073961
654,-8.894683253,116.3073221,-8.894621459,116.307304,-8.894745046,116.3073403
655,-8.894699394,116.3072665,-8.894637469,116.3072488,-8.894761319,116.3072843
656,-8.894715403,116.3072101,-8.89465339,116.3071927,-8.894777416,116.3072275
657,-8.894731346,116.3071533,-8.894669315,116.3071359,-8.894793377,116.3071706
658,-8.894747103,116.3070966,-8.894685009,116.3070794,-8.894809198,116.3071137
659,-8.894762715,116.3070399,-8.894700609,116.3070228,-8.894824821,116.307057
660,-8.894778186,116.3069834,-8.894716031,116.3069664,-8.89484034,116.3070003
661,-8.894793419,116.3069273,-8.894731247,116.3069104,-8.894855591,116.3069441
662,-8.894808498,116.3068714,-8.894746301,116.3068547,-8.894870695,116.3068882
663,-8.894823575,116.3068155,-8.894761383,116.3067987,-8.894885767,116.3068323
664,-8.894838635,116.3067598,-8.894776455,116.3067429,-8.894900814,116.3067766
665,-8.89485367,116.306704,-8.894791466,116.3066873,-8.894915874,116.3067208
666,-8.894868784,116.306648,-8.8948066,116.3066312,-8.894930968,116.3066648
667,-8.894884204,116.3065913,-8.894822085,116.3065743,-8.894946323,116.3066084
668,-8.894899997,116.3065337,-8.894837866,116.3065167,-8.894962128,116.3065507
669,-8.894915969,116.3064751,-8.894853813,116.3064582,-8.894978125,116.306492
670,-8.894932259,116.3064158,-8.894870175,116.3063986,-8.894994343,116.3064329
671,-8.894948935,116.3063554,-8.894886838,116.3063382,-8.895011032,116.3063725
672,-8.89496588,116.3062942,-8.894903819,116.3062769,-8.895027941,116.3063114
673,-8.894983194,116.3062324,-8.894921203,116.3062149,-8.895045184,116.3062499
674,-8.895000683,116.3061703,-8.894938668,116.3061528,-8.895062699,116.3061877
675,-8.895018107,116.3061083,-8.894956104,116.3060908,-8.89508011,116.3061258
676,-8.895035561,116.3060463,-8.894973558,116.3060289,-8.895097564,116.3060638
677,-8.895053104,116.3059841,-8.89499111,116.3059666,-8.895115098,116.3060016
678,-8.895070682,116.3059215,-8.895008645,116.3059041,-8.895132718,116.3059388
679,-8.895088135,116.3058587,-8.895026047,116.3058415,-8.895150222,116.3058758
680,-8.895105415,116.3057958,-8.895043281,116.3057788,-8.895167549,116.3058128
681,-8.895122551,116.3057332,-8.895060419,116.3057162,-8.895184683,116.3057501
682,-8.895139553,116.3056706,-8.89507737,116.3056538,-8.895201736,116.3056874
683,-8.895156369,116.3056077,-8.895094086,116.3055912,-8.895218652,116.3056241
684,-8.895173034,116.3055446,-8.895110758,116.3055281,-8.89523531,116.305561
685,-8.895189537,116.3054818,-8.895127222,116.3054655,-8.895251853,116.3054981
686,-8.895205876,116.3054193,-8.895143556,116.3054031,-8.895268197,116.3054356
687,-8.895222029,116.305357,-8.895159644,116.305341,-8.895284414,116.3053731
688,-8.895237911,116.3052952,-8.89517552,116.3052792,-8.895300302,116.3053112
689,-8.895253673,116.3052338,-8.895191271,116.3052178,-8.895316074,116.3052497
690,-8.895269452,116.3051723,-8.895207071,116.3051562,-8.895331832,116.3051884
691,-8.895285164,116.3051108,-8.895222731,116.305095,-8.895347597,116.3051267
692,-8.89530098,116.3050492,-8.895238622,116.305033,-8.895363339,116.3050653
693,-8.895317127,116.3049868,-8.895254764,116.3049706,-8.89537949,116.3050029
694,-8.895333441,116.3049237,-8.895271086,116.3049076,-8.895395797,116.3049399
695,-8.89535008,116.3048601,-8.895287792,116.3048436,-8.895412368,116.3048765
696,-8.895367012,116.3047959,-8.895304739,116.3047795,-8.895429285,116.3048124
697,-8.895384424,116.3047307,-8.895322221,116.3047139,-8.895446627,116.3047474
698,-8.8954025,116.3046635,-8.895340299,116.3046467,-8.8954647,116.3046802
699,-8.895420697,116.3045959,-8.895358494,116.3045791,-8.8954829,116.3046126
700,-8.895438856,116.3045286,-8.895376678,116.3045117,-8.895501034,116.3045454
701,-8.895456881,116.3044614,-8.895394629,116.3044448,-8.895519132,116.3044779
702,-8.895475223,116.3043934,-8.895413095,116.3043764,-8.895537351,116.3044104
703,-8.895494068,116.3043246,-8.895431943,116.3043076,-8.895556192,116.3043416
704,-8.895512909,116.3042558,-8.895450784,116.3042388,-8.895575034,116.3042728
705,-8.895531696,116.3041872,-8.895469566,116.3041702,-8.895593826,116.3042042
706,-8.895550376,116.3041189,-8.895488237,116.3041019,-8.895612515,116.3041359
707,-8.895568898,116.304051,-8.895506746,116.304034,-8.89563105,116.3040679
708,-8.895587211,116.3039836,-8.895525041,116.3039667,-8.895649381,116.3040004
709,-8.895605262,116.3039168,-8.89554307,116.3039,-8.895667454,116.3039336
710,-8.895623,116.3038508,-8.895560781,116.3038341,-8.89568522,116.3038675
711,-8.895640374,116.3037857,-8.895578123,116.3037692,-8.895702626,116.3038023
712,-8.895657332,116.3037217,-8.895595043,116.3037052,-8.895719621,116.3037381
713,-8.895673822,116.3036587,-8.895611489,116.3036425,-8.895736155,116.303675
714,-8.895689793,116.3035971,-8.89562741,116.303581,-8.895752175,116.3036131
715,-8.895705192,116.3035368,-8.895642753,116.3035209,-8.895767631,116.3035526
716,-8.895747665,116.3033993,-8.895684762,116.3033854,-8.895810568,116.3034131
